id,text,created_at,lang,author_id
2038464262277074988,@lkatheeq @Bc_Bengaluru @BDAOfficialGok @DKShivakumar @siddaramaiah @mlanaharis @Captain_Mani72 Ecity Whitefield stretch should also be prioritized. Will ease Outer Ring Road traffic and make easy the commute between South and East Bengaluru,2026-03-30 03:52:07+00:00,en,545711249
2038443619456352300,"🌧️ ಬೆಂಗಳೂರು ಮಳೆ 🌧️✨ Bengaluru Rains ✨🌧️ 

🎥 Whether it’s the sound of raindrops, the rush of traffic, or the calm of home balconies, t

#BengaluruRains #MonsoonVibes #BangaloreWeather #RainyDayMood #ViralReel
                 https://t.co/6jd7MicSPC",2026-03-30 02:30:05+00:00,en,1778680177372942336
2038407440329531752,"Saw one video yesterday, northie screaming out this lungs in Hindi towards a kannadiga in Bengaluru for driving his scooter in footpath.

Forget the traffic crime for a moment &amp;there are cops for that.

If that happened in Chennai it would’ve turned ugly and northie would’ve to https://t.co/qRaHcrB0RS",2026-03-30 00:06:20+00:00,en,229174323
2038375746415259954,"@DKShivakumar Bengaluru infrastructure has totally collapsed .Roads with potholes,traffic jams,pollution,most households no water from Cauvery ,gas shortage,high milk prices.
Compared to Mumbai,Ahmedabad Hyderbad Bengaluru  is way behind.",2026-03-29 22:00:23+00:00,en,142321213
2038375561127752000,"@DKShivakumar To even think Bengaluru is a global city - says the mind set of these people. Horrendous pollution, Horrible traffic, citizens can't breath air, drink clean water or move from place to place. Never seen citizens abused so brutally like in Indian cities.",2026-03-29 21:59:39+00:00,en,1870108864152010752
2038342228779860065,"@0xlelouch_ Let me explain this with the best analogy:

Bengaluru is a managed cloud cluster: massive throughput, infinite scalability, but ridiculous egress costs and high latency (traffic).

Pathankot is a bare-metal edge node: cheap, highly responsive, but you're entirely isolated.

Your",2026-03-29 19:47:12+00:00,en,3457872672
2038311515351396636,"Need urgent police intervention at Karan Aujla concert in Bengaluru, there's not a single traffic police at exit and the whole area is now gridlocked , no internet nothing @blrcitytraffic @ChristinMP_",2026-03-29 17:45:09+00:00,en,1178659062797369344
2038300075688956025,"@redefinethearth @HosseiniMahshid @YMekelberg @alexnitzberg @DanielHeuerCA @yurigripas @JoeSommerlad @MichealMartinTD @RealCandaceO @CarriePrejean1 @KristiNoem @Alice_Weidel 😂 Got the meme loud and clear – even Jesus can't escape Bengaluru traffic police or those AI cameras! Classic inescapable enforcement vibe. On the toll side, projections show India's toll revenue hitting ₹3.5-4 trillion by 2026 amid highway expansions. Heavy on pockets, for",2026-03-29 16:59:42+00:00,en,1720665183188922368
2038299450683294149,"The breath analyser traffic police after rain in bengaluru 
Are like frogs waiting for drunk inscets
Heavily maefesting one drunk idiot
#bengaluruthings
#bengalururain",2026-03-29 16:57:13+00:00,en,955657755024490497
2038295363371876712,"🚦 Traffic Alert – Porur MGR Flyover (Pillar 160, Guindy route side):   Current direction board misguides commuters. Only Bengaluru/Tirupati traffic should use flyover. 
@IASassociation @chennaicorp @Chntrafficman https://t.co/iO4gzHmDl3",2026-03-29 16:40:58+00:00,en,1086953511982518272
2038254315543089227,"@TheNavroopSingh @HimjaParekh @sidduu96 
Cylinder shortage &amp; petrol scarcity news in Bengaluru. With traffic conditions, will govt push 2-day office or full WFH ?",2026-03-29 13:57:52+00:00,en,1543150927049555968
2038253758686355632,"@Toptech500x @frontierindica WDFC is showing high revenue , usage and year round traffic 

While EDFC has low usage , low revenue and seasonal traffic 

Basically EDFC is a loss maker for the railways 

If they had built a DFC triangle of chennai-hyd-bengaluru it would have been far profitable than EDFC",2026-03-29 13:55:39+00:00,en,1952580530
2038244710951887114,@fuckitwebawl_ @realphagoat I'm not pissed. Except with those bengaluru ppl. Saturday Sunday yella traffic jam madthare😭,2026-03-29 13:19:42+00:00,en,2007651710156906496
2038232761484587165,"What about work?

Hope you attend your official duties on a daily basis.

Please ensure the crime rate decreases and people of the country are safe.

Please work on reducing traffic congestion, especially in cities like #Delhi, Bengaluru, &amp; now Hyderabad. https://t.co/kwpn9AXdG8",2026-03-29 12:32:13+00:00,en,130490602
2038197747443245133,@Queen_primis Bengaluru traffic rules are just mere suggestions,2026-03-29 10:13:05+00:00,en,2026716933765410816
2038193592037195916,"@RishiJoeSanu It's not just about demand, there are also airspace and defense considerations. Hosur is very close to Bengaluru, which already has heavy civilian and military air traffic",2026-03-29 09:56:34+00:00,en,1671400181861068801
2038185620766589035,@elonmusk On Indian Roads ? Bengaluru Traffic? Pls recheck ur claim 🫣,2026-03-29 09:24:54+00:00,en,82575888
2038174748291518548,"@bbmpcommr 

8:30 AM Outer Ring Road, Bangalore, 
Peak time for the entire IT parks, traffic converting in the ORR, 

Why should citizens of the city remind the BBMP - Bengaluru Municipal Corporation of their basic duties?

What is the mechanism that the corporation have to make https://t.co/8KWvqYiyum",2026-03-29 08:41:42+00:00,en,2037938917018939392
2038167262331625894,"🚨 NEW PROTOCOLS FOR IPL 2026 IN BENGALURU 👮‍♂️

- Local police have implemented strict new entry points and briefing sessions for all ground staff. 

-Smooth traffic flow reported on Cubbon Road and Queens Road thanks to better coordination. 

- Clear signage and stadium maps",2026-03-29 08:11:57+00:00,en,1647815658
2038158708430291366,"This cheaper accomodation, zero traffic, IT Boom,will disappear as the hungry greedy IT crowd comes here to advertisements. After that it's just same as bengaluru. 

Also all of that little weak Tulu identity y'all have right now will be finished in a fraction due to demographics https://t.co/YVUozCv3dF",2026-03-29 07:37:57+00:00,en,1835739807450099712
2038152547945549875,"@wittyhumour1 @Anonymous0912hi @amshilparaghu @CPBlr Dumb 🤣🤣 bengaluru traffic police has itself given traffic violations to be recorded and clicked picturr and let it be posted on BTP Astram app or X, thats legal.

And if somebody comes and park in front of your house when ur in emergency what would you if driver is sitting? 🤣",2026-03-29 07:13:29+00:00,en,1263040750721175554
2038146299527414176,"@Shika_Reddy Hyderabad police are really good, man, compared to Bengaluru traffic police. They’re really strict they’ll fine you even if a backseat passenger isn’t wearing a helmet 😭, fines !!! 😭",2026-03-29 06:48:39+00:00,en,1841740628155367425
2038126071133204723,"🚧 Major Infrastructure Boost for Bengaluru’s Connectivity.

The Government of Karnataka has proposed a ₹810 crore elevated corridor to address traffic congestion along one of the city’s busiest stretches—Mysuru Road.

SOURCE: The Indian Express.

#Bengaluru #Infrastructure https://t.co/PmEpQ9NEQj",2026-03-29 05:28:16+00:00,en,1931997677912547328
2038125883425468677,"AAP MP Raghav Chadha urged a National Urban Decongestion Mission to combat traffic woes in India He highlighted major congestion hotspots in Delhi, Kolkata, Bengaluru, Mumbai, Pune, and Chennai Commuters spend 100-168 hours yearly stuck in traffic, severely impacting productivity",2026-03-29 05:27:31+00:00,en,1997587505395433472
2038120909568188418,"@rudemiss18 @raghav_chadha In Bengaluru, you have @QuickRidein. Lets adopt and do our bit of reducing traffic.",2026-03-29 05:07:45+00:00,en,2835419946
2038117794412478684,"629 companies shifted from Bengaluru in 5 years due to high costs &amp; traffic.

Expansion now moving towards Hyderabad 🚀 https://t.co/ucHSqOdqPn",2026-03-29 04:55:23+00:00,en,1590737806149550080
2038097565535834337,"Office commute times converge in India’s tech hubs 🚦

🔹 Bengaluru: 59 min one-way
🔹 Hyderabad: 58 min one-way

🔹 Gap narrows to 1 min despite rising congestion
🔹 Traffic trends aligning across major tech cities https://t.co/xQmDW7n7IT",2026-03-29 03:35:00+00:00,en,1973984508232806400
2038096797214888086,Use planned tunnel money to put AI enabled traffic monitor camera and enable 100% compliance rules. This will solve Bengaluru traffic problems and earn extra revenue in the short term. Moreover it will showcase Bengaluru as a model disciplined city. @DKShivakumar @Tejasvi_Surya https://t.co/JY78O0Cq6R,2026-03-29 03:31:57+00:00,en,78300378
2038066862798574054,"Bengaluru techie clicks on fake traffic fine link, loses ₹7.2 lakh https://t.co/pVVnJahfSK",2026-03-29 01:33:00+00:00,en,141468435
2038036596331868286,"Top Cities People Are Leaving (Outmigration Hotspots) 🚶‍♂️

Mumbai ~ Too Expensive 💸
Delhi ~ Pollution + Stress 🌫️
Bengaluru ~ Traffic Nightmare 🚗
Kolkata ~ Limited Job Growth 📉
Chennai ~ Climate Challenges 🌡️
Hyderabad ~ Rising Costs 💰
Pune ~ Overcrowding 🏙️
Gurgaon ~ High",2026-03-28 23:32:44+00:00,en,2902565268
2037986960342663601,@CivicOp_india @BlrCityPolice @CPBlr There is absolutely no fear of law in Bengaluru. People routinely drive in the wrong direction in front of traffic police and no action is taken. And it’s getting worse and scarier by the day.,2026-03-28 20:15:29+00:00,en,360499148
2037975694567993357,"BMW's 8-speed ZF in the 3 Series is wasted in Bengaluru traffic. That silky torque converter logic matters more than 258hp when you're crawling at 15kmph for 2 hours daily. A jerky DCT ruins your commute, smooth shifts save your sanity. #Gearbox #IndianTraffic",2026-03-28 19:30:43+00:00,en,95369336
2037963190253011038,"@Jai_hind_99 Hyd traffic law &amp; order is extremely poor. Every random fellow (including educated peeps) seem to be uncivilized when he/she drives a two wheeler - wrong side driving, no rear view mirror, no helmet, using phone, etc. 
Bengaluru is literally faaar better in traffic civic sense.",2026-03-28 18:41:02+00:00,en,1138273127543087105
2037957112094138685,"@NalinisKitchen You are expecting too much from the govt , the dead  line for what &amp; for whom it is applicable .... The one who started has to come back then it may get settled till then stay calm &amp; happy journey in that traffic of bengaluru 🙏🙏",2026-03-28 18:16:53+00:00,en,184375893
2037952483314827647,Bengaluru is heaven for bachelors if traffic is removed.,2026-03-28 17:58:30+00:00,en,1604779191890694144
2037943032884895776,"@ReelRiotX @elonmusk No dominant Tesla equivalent in India yet, but startups like Minus Zero (Bengaluru) lead with end-to-end AI autopilot tailored for chaotic roads—handling animals, carts, erratic traffic via vision/AI (tested in Bengaluru 2025-26). Swaayatt Robots (Bhopal) pushes Level 5 claims in",2026-03-28 17:20:56+00:00,en,1720665183188922368
2037934915707375812,@micolyttrfps @Jointcptraffic @DCPSouthTrBCP @acpsetraffic @blrcitytraffic @CPBlr Its was successful just because of the help and the co-operation of Bengaluru Traffic police special thanks to  (mico layout Traffic police station)🫶😇,2026-03-28 16:48:41+00:00,en,1989743387361341440
2037922655802888533,"Left college at 4
Left satellite at 5:30 
Left Bengalore at 7:10
Spent f**king 100 minutes in traffic 
Reached Mysore 9:00
F**king heavy rains 
#Bengaluru #Mysuru #RCB #Rain https://t.co/J97CzLu9dy",2026-03-28 15:59:58+00:00,en,1433474590227922947
2037920976298758508,#RCBvsSRH Stuck in Bengaluru traffic!! Call Phil Salt....,2026-03-28 15:53:18+00:00,en,112636036
2037920312336248917,@saga__r It’s Bengaluru - have you seen anything move fast there? It’s as slow as the traffic,2026-03-28 15:50:39+00:00,en,57834234
2037906869780414662,"ICYMI | Bengaluru woman skips traffic, walks office to home for 2 weeks – Shares one ‘unexpected downside’ https://t.co/mueQwPiybT",2026-03-28 14:57:14+00:00,en,50279781
2037888936899674541,"@Tocharus Meanwhile, in 2026, we’re arguing on X about how great it was while stuck in Bengaluru traffic.",2026-03-28 13:45:59+00:00,en,1290673517629865984
2037885927302041806,"Worst experience I have had in indigo while traveling from Mumbai to Bengaluru. They blame ATC saying traffic congestion and delay flights endlessly. 5 years down the line, akasa will wipe u off. @IndiGo6E @IndiGo6E",2026-03-28 13:34:01+00:00,en,725736019065077760
2037885468164161997,@BlrCityPolice @blrcitytraffic are failures in managing the traffic &amp; these rowdies in #nammabengaluru #siliconvalleyofindia #IThub #ITcapital #Bengaluru #Bangalore https://t.co/XPYXkl7Wwb,2026-03-28 13:32:12+00:00,en,205931698
2037880007385911456,"@RishiJoeSanu @2000_vina Madurai &amp; Trichy are crucial cities for HSR. I am expecting lot of Sri Lankans to come to Bengaluru &amp; to Kerala as Tourists. You have to look at this angle, instead of looking at HSR route to reach MG Road traffic &amp; spend 4 hours in Traffic 😂 
In fact, we can expect lot of North",2026-03-28 13:10:30+00:00,en,3145777459
2037879089483440344,All roads in Bengaluru converge at the Chinnaswamy today. So please avoid going through that route. U will be stuck in traffic for ages altogether.,2026-03-28 13:06:51+00:00,en,99705831
2037877763655512209,"No prices for guessing which store is this, covering the footpath also..
@bbmp_official

Anyways..it's the same old story of @OlaElectric 

#traffic #bbmp #bmtc #bengaluru #ola #ev https://t.co/mWOABRc34X",2026-03-28 13:01:35+00:00,en,2242420418
2037861942648545305,"Stuck in traffic on Bellary Rd, Bengaluru again this afternoon for some VIP convoy. How frequently do you stop in traffic jams to give way to 'VIP convoys'?

 https://t.co/C9jw7hPC5Z via @YouTube",2026-03-28 11:58:43+00:00,en,613980561
2037860948606849461,"Respected @blrcitytraffic @osd_cmkarnataka 
This sudden installation of height rod causing huge traffic jam in Tharabanahalli railway gate Hesaraghatta road, Bengaluru 
Even causing disturbance for BMTC transport route and local residents
Pleasing authorities to solve this asap https://t.co/K3m3GdJ3tA",2026-03-28 11:54:46+00:00,en,2037857501719490561
2037859749304434744,"Bengaluru Traffic to Disrupt for Three Days at Marathahalli -Follow These Diversions to Avoid Delays

https://t.co/JWWcm07Rm0",2026-03-28 11:50:00+00:00,en,240649814
2037828383447629887,@AnandaniNisha Only traffic in Bengaluru. If you want chill please visit Uttarakhand.,2026-03-28 09:45:22+00:00,en,110426118
2037826012202086667,"In Bengaluru, the Ejipura Flyover has been under construction for years.

Deadlines came… and went.
Budgets increased… work slowed.
Commuters kept waiting.

A project meant to ease traffic
turned into a symbol of delay.

Now compare this 👇

In another part of India, a massive https://t.co/PKUdYCw5Wm",2026-03-28 09:35:56+00:00,en,783571388762169345
2037825106148561132,The Banashankari bus stop to NICE Road Kanakapura stretch is hands down the worst road in Bengaluru South — sharp turns every 50m and chaotic traffic merging from all sides. A daily nightmare. 🚗😤 #Bengaluru #BangaloreRoads,2026-03-28 09:32:20+00:00,en,1858958272520482816
2037817030750110001,"Heading to IPL Match? Bengaluru Police Issue Traffic Advisory, Check Affected Routes &amp; Parking Here

https://t.co/RVi33B4FBr",2026-03-28 09:00:15+00:00,en,811972460560019456
2037810392790135138,"Tier 1 cities like Delhi, Mumbai, Bengaluru are the worst places to live. It's like a constant war, lawlessness, hostility, road rage &amp; accidents, unaffordable rent &amp; education fees, adulterated food, pollution, traffic and list never stops. https://t.co/E58QJRkRjI",2026-03-28 08:33:52+00:00,en,1752040914909097984
2037807618962669585,"Bengaluru Traffic Update: Police Issue Advisory Ahead of RCB vs SRH, IPL 2026 Opening Match; Check Diversions

https://t.co/oLKBnmI7A7

#Bengaluru #RCBvSRH #IPL2026 #TrafficAlert",2026-03-28 08:22:51+00:00,en,1737343937013043200
2037789863316242474,"Chamarajapete-Mysuru Road traffic set for major relief 

810 crore flyover planned from Sirsi Junction to BHEL KIMCO Junction to ease congestion, cut travel time and boost Bengaluru connectivity. DPR work underway.

#BengaluruTraffic #MysuruRoad #Chamarajapete https://t.co/IIxj5y9YjC",2026-03-28 07:12:18+00:00,en,1671533023118983171
2037789447832645792,"IPL 2026 opener in Bengaluru: Police issues traffic advisory ahead of RCB vs SRH match; Check routes, diversions

READ MORE➡️https://t.co/SCvZlInTVP 

#IPL2026 #TrafficAdvisory #Traffic #TrafficAlert #RCBvsSRH #IPL 

https://t.co/s9wzyc0qpV",2026-03-28 07:10:39+00:00,en,1682300692088733697
2037781422161981550,"In a rare show of bipartisan efficiency, our leaders have bravely fought the 'indignity' of standing in a queue like a common taxpayer. Forget the water crisis or Bengaluru traffic it’s good to know that when the floodlights are on, our priorities are in the front row.#IPL2026",2026-03-28 06:38:45+00:00,en,2015662278742614016
2037779342839697591,"IPL 2026 opener in Bengaluru: Traffic curbs, parking spots, routes to know
https://t.co/b5UdIb4AW1",2026-03-28 06:30:30+00:00,en,14213195
2037753875667751074,"🚨 Shocking &amp; Alarming 🚨

In a special operation by Bengaluru Traffic Police, 59 school bus drivers and 14 water tanker drivers were caught drunk while driving. Strict action has been initiated, including cancellation of licenses.

👏 Big thanks to @blrcitytraffic &amp; https://t.co/IthmajLYvy",2026-03-28 04:49:18+00:00,en,1746907377394446336
2037745101116784954,"Heading to the IPL match in Bengaluru? 🏏

Plan smart! Use Namma Metro &amp; public transport to avoid traffic, follow parking rules, and enjoy a hassle-free match day at Chinnaswamy Stadium.

#IPL2026 #Bengaluru #RCB  #NammaMetroHindiBeda #TravelTradeNews

https://t.co/WpLnN3slCF",2026-03-28 04:14:26+00:00,en,1069350648678940674
2037738080283812056,"#ItsViral | IPL 2026 opener in Bengaluru: Traffic curbs, parking spots, routes to know

Stay updated with all the stories that matter — download the Hindustan Times App

https://t.co/DEraTMBKB8",2026-03-28 03:46:32+00:00,en,36327407
2037737811886088381,"maintenance and legal compliance of these department vehicles?
Public Demand:
The law must be equal for everyone. We urge the concerned authorities and the Bengaluru Traffic Police to take immediate note of this violation and impose the necessary penalties.",2026-03-28 03:45:28+00:00,en,1096257637287485440
2037732049176690978,"AAP MP @raghav_chadha posts, ""Traffic has turned our metro cities into giant parking lots with people trapped inside them. In #Bengaluru, #Pune, #Mumbai, #Kolkata, #Delhi and #Chennai, on average a commuter spends 100 to 168 hours a year stuck in traffic. Not commuting. Just https://t.co/NORFORcJrV",2026-03-28 03:22:34+00:00,en,1498818588
2037716949195726937,"AAP MP @raghav_chadha posts, ""Traffic has turned our metro cities into giant parking lots with people trapped inside them. In #Bengaluru, #Pune, #Mumbai, #Kolkata, #Delhi and #Chennai, on average a commuter spends 100 to 168 hours a year stuck in traffic. Not commuting. Just https://t.co/c0hLcM1TwX",2026-03-28 02:22:34+00:00,en,1498818588
2037711005313388681,@KiranAradhyaadv Yes. Public should come on roads and protest. Too bad Bengaluru traffic and pollution is very high. No maintenance of the city's cleanliness. Worst of worst. Hyderabad is far far better if you compare,2026-03-28 01:58:57+00:00,en,498436360
2037680331491332232,"@redefinethearth @anticorruption @OCCRP Haha, Bengaluru overtaking Delhi with 23L+ cars and world #2 congestion in recent data? Brutal traffic reality. That epic train yard is China's high-speed rail depot—massive investment in efficient transit over car chaos. India's scaling metros &amp; RRTS fast; more conviction on",2026-03-27 23:57:03+00:00,en,1720665183188922368
2037610335201546531,"@muralisk Traffic is not the only issue with Bengaluru. There are language issues, cost of living is high, real estate is very expensive, and it is crowded... hyderabad doesn't have those issues",2026-03-27 19:18:55+00:00,en,75768372
2037598706523070540,"@blrcitytraffic  @GBA_office
The public eye could be a game changer app for fixing Bengaluru traffic issues and city issues.
Please take it more seriously.
Current app does not work, anything submitted just shows validating forever. https://t.co/GxeZT2AcCZ",2026-03-27 18:32:43+00:00,en,2037579695219245056
2037573662027743283,"If traffic wasn’t enough, now what's with the heat waves !!! It's so f..kng hot in Bengaluru now. #Blr",2026-03-27 16:53:11+00:00,en,878859020404232192
2037572207703171200,"@dpkBopanna ""Bengaluru traffic? 🛑 Water challenges? 💧 Potholes? 🕳️
Karnataka Assembly: Let's discuss the real crisis.securing free IPL tickets for MLAs! 🏏🎟️
​It is incredibly embarrassing that our elected representatives use valuable legislative time for such trivial matters.Public",2026-03-27 16:47:25+00:00,en,887853296651608064
2037569634904555876,"@ravikeerthi22 @DeccanHerald @RAshokaBJP @Tejasvi_Surya ""Bengaluru traffic? 🛑 Water challenges? 💧 Potholes? 🕳️
Karnataka Assembly: Let's discuss the real crisis... securing free IPL tickets for MLAs! 🏏🎟️
​It is incredibly embarrassing that our elected representatives use valuable legislative time for such trivial matters. Public",2026-03-27 16:37:11+00:00,en,887853296651608064
2037569336580407715,"@EpicCmntsTelugu ""Bengaluru traffic? 🛑 Water challenges? 💧 Potholes? 🕳️
Karnataka Assembly: Let's discuss the real crisis... securing free IPL tickets for MLAs! 🏏🎟️
​It is incredibly embarrassing that our elected representatives use valuable legislative time for such trivial matters. Public",2026-03-27 16:36:00+00:00,en,887853296651608064
2037569257844998192,"@shilpa_cn ""Bengaluru traffic? 🛑 Water challenges? 💧 Potholes? 🕳️
Karnataka Assembly: Let's discuss the real crisis... securing free IPL tickets for MLAs! 🏏🎟️
​It is incredibly embarrassing that our elected representatives use valuable legislative time for such trivial matters. Public",2026-03-27 16:35:41+00:00,en,887853296651608064
2037569211703476469,"@Kanagalogy @dp_satish @siddaramaiah ""Bengaluru traffic? 🛑 Water challenges? 💧 Potholes? 🕳️
Karnataka Assembly: Let's discuss the real crisis... securing free IPL tickets for MLAs! 🏏🎟️
​It is incredibly embarrassing that our elected representatives use valuable legislative time for such trivial matters. Public",2026-03-27 16:35:30+00:00,en,887853296651608064
2037566859609047327,"@mufaddal_vohra ""Bengaluru traffic? 🛑 Water challenges? 💧 Potholes? 🕳️
Karnataka Assembly: Let's discuss the real crisis... securing free IPL tickets for MLAs! 🏏🎟️
​It is incredibly embarrassing that our elected representatives use valuable legislative time for such trivial matters. Public",2026-03-27 16:26:10+00:00,en,887853296651608064
2037556126758408660,"@bykarthikreddy ""Bengaluru traffic? 🛑 Water challenges? 💧 Potholes? 🕳️
Karnataka Assembly: Let's discuss the real crisis... securing free IPL tickets for MLAs! 🏏🎟️
​It is incredibly embarrassing that our elected representatives use valuable legislative time for such trivial matters. Public",2026-03-27 15:43:31+00:00,en,887853296651608064
2037555989420057030,"@MrRocky83298842 @Shehzad_Ind ""Bengaluru traffic? 🛑 Water challenges? 💧 Potholes? 🕳️
Karnataka Assembly: Let's discuss the real crisis... securing free IPL tickets for MLAs! 🏏🎟️
​It is incredibly embarrassing that our elected representatives use valuable legislative time for such trivial matters. Public",2026-03-27 15:42:58+00:00,en,887853296651608064
2037555830124650619,"@Shehzad_Ind ""Bengaluru traffic? 🛑 Water challenges? 💧 Potholes? 🕳️
Karnataka Assembly: Let's discuss the real crisis... securing free IPL tickets for MLAs! 🏏🎟️
​It is incredibly embarrassing that our elected representatives use valuable legislative time for such trivial matters. Public",2026-03-27 15:42:20+00:00,en,887853296651608064
2037555794141647145,"@TVMohandasPai @siddaramaiah @republic ""Bengaluru traffic? 🛑 Water challenges? 💧 Potholes? 🕳️
Karnataka Assembly: Let's discuss the real crisis... securing free IPL tickets for MLAs! 🏏🎟️
​It is incredibly embarrassing that our elected representatives use valuable legislative time for such trivial matters. Public",2026-03-27 15:42:11+00:00,en,887853296651608064
2037555654941172122,"@rwstats__ ""Bengaluru traffic? 🛑 Water challenges? 💧 Potholes? 🕳️
Karnataka Assembly: Let's discuss the real crisis... securing free IPL tickets for MLAs! 🏏🎟️
​It is incredibly embarrassing that our elected representatives use valuable legislative time for such trivial matters. Public",2026-03-27 15:41:38+00:00,en,887853296651608064
2037555643234807904,"@Benarasiyaa ""Bengaluru traffic? 🛑 Water challenges? 💧 Potholes? 🕳️
Karnataka Assembly: Let's discuss the real crisis... securing free IPL tickets for MLAs! 🏏🎟️
​It is incredibly embarrassing that our elected representatives use valuable legislative time for such trivial matters. Public",2026-03-27 15:41:35+00:00,en,887853296651608064
2037555222520975776,"@IndianTechGuide Rankings are useful, but “ease of living” depends a lot on personal priorities.
Bengaluru may rank high for jobs, but traffic pulls it down big time.",2026-03-27 15:39:55+00:00,en,1255703669955268608
2037555098440851672,"@karnatakaportf @DKShivakumar ""Bengaluru traffic? 🛑 Water challenges? 💧 Potholes? 🕳️
Karnataka Assembly: Let's discuss the real crisis... securing free IPL tickets for MLAs! 🏏🎟️
​It is incredibly embarrassing that our elected representatives use valuable legislative time for such trivial matters. Public",2026-03-27 15:39:26+00:00,en,887853296651608064
2037551251441987778,"@Indianinfoguide 36 minutes for 10 km in Bengaluru isn't traffic it's a governance failure
If this is what India's growth engines look like what exactly are we planning for  cars or citizens",2026-03-27 15:24:08+00:00,en,4390119492
2037548085996638640,"If Hyderabad doesn’t take public transport seriously in the next 5 years, we are looking at a Bengaluru like traffic situation. https://t.co/QgPF6X4IqK",2026-03-27 15:11:34+00:00,en,1492193091092357120
2037536159006658614,"@Indianinfoguide Bengaluru tops the congestion list with commuters spending 36 minutes to cover 10 kilometers—so basically, you leave home at 8 AM and arrive at the office just in time to see the evening traffic starting.",2026-03-27 14:24:10+00:00,en,1931657898054324224
2037529833815839079,Remove Traffic and language Chauvinists from Bengaluru. It will surpass even Newyork and Amsterdam in livability. https://t.co/jAhbJXFojN,2026-03-27 13:59:02+00:00,en,833613755233759232
2037525040695296307,"🚨 A commuter in Delhi spends 104 hours per year in traffic, while a commuter in Bengaluru spends 168 hours per year. The traffic has turned metro cities into giant parking lots with people trapped inside them: Raghav Chadha in Parliament https://t.co/nwh4LvZGQE",2026-03-27 13:39:59+00:00,en,265427470
2037519704999526844,"#WATCH | AAP MP Raghav Chadha tweets, ""Traffic has turned our metro cities into giant parking lots with people trapped inside them. In Bengaluru, Pune, Mumbai, Kolkata, Delhi and Chennai, on average a commuter spends 100 to 168 hours a year stuck in traffic. Not commuting. Just https://t.co/4dvjEzf1to",2026-03-27 13:18:47+00:00,en,355989081
2037515998757331013,"A day before the Indian Premier League 2026 opener, RCB vs SRH at #ChinnaswamyStadium, Bengaluru Traffic Police has issued an advisory on curbs from 3pm to 12 am tomorrow.

#BengaluruTraffic #IPL2026 #RCBvsSRH #TataIPL #ViratKohli #KSCA #RoyalChallengersBengaluru https://t.co/vrjh2YJWGp",2026-03-27 13:04:03+00:00,en,1266527546939600896
2037513445780676730,"Over 100 Hours Lost Every Year: Raghav Chadha Flags Traffic Crisis In Bengaluru, Mumbai, Delhi 
https://t.co/IwkTGXC754",2026-03-27 12:53:55+00:00,en,714731566828793857
2037501328407285974,"RCB match triggers major traffic curbs in Bengaluru on March 28: Full road closure, parking &amp; entry details

#BengaluruTraffic #RCBMatch #IPL2026 #TrafficAlert #ChinnaswamyStadium

Read more:
https://t.co/NVf8M00LdM",2026-03-27 12:05:46+00:00,en,1671533023118983171
2037499782776897979,"Paid ₹1500 traffic fine via BTP ASTraM app/KSP site on Mar 22 — amount deducted, but no confirmation. Tried again on Mar 27, same issue.

Now ₹3000 gone, cases still unpaid. @blrcitytraffic @KarnatakaCops please help resolve this. #Bengaluru #TrafficFinesDigital",2026-03-27 11:59:37+00:00,en,1389218738130407427
2037496644191883462,"Match days are here in Bengaluru. 

Traffic restrictions will be in place from 3 PM to 12 AM around M. Chinnaswamy Stadium.

Watch the video and plan your commute in advance. Please use designated parking areas.

Your cooperation will help keep the city moving smoothly. https://t.co/ic2qkOv9AG",2026-03-27 11:47:09+00:00,en,1851545900
2037495519371817008,"Match days are here in Bengaluru. 

Traffic restrictions will be in place from 3 PM to 12 AM around M. Chinnaswamy Stadium.

Watch the video and plan your commute in advance. Please use designated parking areas.

Your cooperation will help keep the city moving smoothly. https://t.co/qGq4tkeyw9",2026-03-27 11:42:41+00:00,en,1851545900
2037492062346699220,The only man who can make a Bengaluru traffic jam look like a red carpet event. https://t.co/2SRKJEBpBp,2026-03-27 11:28:57+00:00,en,1945088698208673796
2037485659183817191,"@raghav_chadha Companies should move some operations out of metros like Mumbai, Pune, Delhi, Bengaluru.

Cities like Jaipur, Indore, Ahmedabad, Surat, Lucknow, Nagpur have huge potential.

Less traffic, less migration, lower costs better for everyone.",2026-03-27 11:03:30+00:00,en,1031899126772822017
2038479423717192018,"@Indian_Analyzer https://t.co/CxExuTFsOa

🚨 BREAKING NEWS | SOCIAL MEDIA • POLITICS CONFUSION
Date: 30 March 2026 📅
Severity: NON-SERIOUS

Headline
Dia Mirza Blunder Goes Viral

What Happened
• Viral clip in India shows Dia Mirza mixing UCC and election reforms, triggering backlash
• She https://t.co/XbGmfYnXIa",2026-03-30 04:52:22+00:00,en,1867965335439384576
2038476528942714900,"@Toxicity_______ https://t.co/w2ii5ug6fb

🚨 BREAKING NEWS | SOCIAL MEDIA • OTT CONTROVERSY
Date: 30 March 2026 📅
Severity: SERIOUS

Headline
• OTT Show Faces Heat Over Sensitive Theme

What Happened
• “Chiraiva” on India OTT sparks outrage over sensitive marital abuse portrayal
• Critics https://t.co/zkHX93j03r",2026-03-30 04:40:52+00:00,en,1867965335439384576
2038461121347330554,"🚨 
Air China Resumes Direct Flights To North Korea After 6 Years 

 #Latest #News #Bharat #India #BreakingNews #TrendingNews #BigBreaking #breaking #latestupdates #updates #world #trending #NewsUpdates #Newsfeed #TrendingNow #viralnews 

https://t.co/ftMjG5Frgv",2026-03-30 03:39:38+00:00,en,1824156892781768704
2038455169411940773,"🚨BIG BREAKING

🇮🇷 Iran attacks a desalination plant in Kuwait, killing an Indian worker. 

📌Sad news for India😥",2026-03-30 03:15:59+00:00,en,2000961935152644096
2038439570317189492,"🚨 
Why did Suryakumar Yadav not start in MI vs KKR? Jayawardene clears the air 

 #Latest #News #Bharat #India #BreakingNews #TrendingNews #BigBreaking #breaking #latestupdates #updates #world #trending #NewsUpdates #Newsfeed #TrendingNow #viralnews 

https://t.co/wR4rvpXTi6",2026-03-30 02:14:00+00:00,en,1824156892781768704
2038424720807452685,"India 11 News Bulletin 30/03/2026 | आज की 11 बड़ी खबरें | Breaking News Today | The India Moves
#pmmodi #kerala #amitshah https://t.co/ESeLW8VHsm",2026-03-30 01:15:00+00:00,en,1845011306601943044
2038404437891227759,"🚨 
Netanyahu widens south Lebanon offensive to push Hezbollah from border 

 #Latest #News #Bharat #India #BreakingNews #TrendingNews #BigBreaking #breaking #latestupdates #updates #world #trending #NewsUpdates #Newsfeed #TrendingNow #viralnews 

https://t.co/j99GtU9MNs",2026-03-29 23:54:24+00:00,en,1824156892781768704
2038390514039333156,"🚨 
India Faces Bottleneck In New Aircraft Procurement: Aviation Minister 

 #Latest #News #Bharat #India #BreakingNews #TrendingNews #BigBreaking #breaking #latestupdates #updates #world #trending #NewsUpdates #Newsfeed #TrendingNow #viralnews 

https://t.co/9640AqNlB6",2026-03-29 22:59:04+00:00,en,1824156892781768704
2038389875490300092,"🚨 BREAKING: Rajnath Singh chairs a high-level security meeting amid rising global tensions.

No official confirmation of any emergency measures. ⚠️

#Breaking #India #RajnathSingh #Security #Update #Geopolitics #News",2026-03-29 22:56:32+00:00,en,1421046793912012800
2038386698912923997,"🚨 
No Compensation, No Help: The Silent Victims Of 2013 Bastar Maoist Massacre 

 #Latest #News #Bharat #India #BreakingNews #TrendingNews #BigBreaking #breaking #latestupdates #updates #world #trending #NewsUpdates #Newsfeed #TrendingNow #viralnews 

https://t.co/uhtLC5RFKC",2026-03-29 22:43:55+00:00,en,1824156892781768704
2038360245806723408,"🚨 
Mojtaba's New Message, Days After Trump's 'Don't Know If He's Alive' Claim 

 #Latest #News #Bharat #India #BreakingNews #TrendingNews #BigBreaking #breaking #latestupdates #updates #world #trending #NewsUpdates #Newsfeed #TrendingNow #viralnews 

https://t.co/BAq6O6RCsz",2026-03-29 20:58:48+00:00,en,1824156892781768704
2038356652597055538,"🚨 
UP Woman Who Eloped With Instagram Friend Returns After Children's Request 

 #Latest #News #Bharat #India #BreakingNews #TrendingNews #BigBreaking #breaking #latestupdates #updates #world #trending #NewsUpdates #Newsfeed #TrendingNow #viralnews 

https://t.co/GEWDtDY7JI",2026-03-29 20:44:31+00:00,en,1824156892781768704
2038351156578038150,"🚨 
 India accounts for 1 in 10 global maternal deaths: Lancet report 

 #Latest #News #Bharat #India #BreakingNews #TrendingNews #BigBreaking #breaking #latestupdates #updates #world #trending #NewsUpdates #Newsfeed #TrendingNow #viralnews 

https://t.co/verKDOT7Jg",2026-03-29 20:22:41+00:00,en,1824156892781768704
2038346375327367234,"🚨 
 3,000 less domestic flights to take to the skies this summer 

 #Latest #News #Bharat #India #BreakingNews #TrendingNews #BigBreaking #breaking #latestupdates #updates #world #trending #NewsUpdates #Newsfeed #TrendingNow #viralnews 

https://t.co/SBuyZ141dx",2026-03-29 20:03:41+00:00,en,1824156892781768704
2038337936287289473,"BREAKING: Indian Congress CAUGHT Spreading WILD FAKE NEWS About LPG Shortage Crisis! 😱 They’re Getting SLAPPED With Cold Hard FACTS… But Refuse To Admit It! Total Denial Mode Activated! 

#India #Politics #BJP #INC #IndianYouth https://t.co/X7F8UUsEix",2026-03-29 19:30:09+00:00,en,3238949665
2038336828349219271,"INFYNIX News | Breaking
Government of India bans @moliticsindia news account over alleged misinformation blamed, Critics warn of press freedom risks, while authorities defend the move as necessary to curb false narratives. Access now restricted within India.
#Molitics #MIvsKKR https://t.co/LUAoTM9h88",2026-03-29 19:25:45+00:00,en,2038314907842822146
2038321166520144031,"🚨 
 JEE Main session 2 admit card released for April exams: Check how to download 

 #Latest #News #Bharat #India #BreakingNews #TrendingNews #BigBreaking #breaking #latestupdates #updates #world #trending #NewsUpdates #Newsfeed #TrendingNow #viralnews 

https://t.co/joc22zLMFt",2026-03-29 18:23:30+00:00,en,1824156892781768704
2038320208172163548,"#BREAKING 🚨 INDIA HELPING BANGLADESH

India supplies 5,000 tons of diesel to Bangladesh amid fuel crisis. This is getting highlighted as 🚨BIG BAD NEWS 🚨but understand -

India's monthly diesel consumption is ~260,000 tonnes a day.",2026-03-29 18:19:42+00:00,en,2594346540
2038319199257600033,"@Panther7112 Breaking News: US officials have told India that in a future conflict with Pakistan, US will not automatically align with India and will prefer its own strategic interests. 

Paj**ts don’t cry!",2026-03-29 18:15:41+00:00,en,1825641317411479552
2038319105175081333,"@AdityaRajKaul Breaking News: US officials have told India that in a future conflict with Pakistan, US will not automatically align with India and will prefer its own strategic interests. 

Paj**ts don’t cry!",2026-03-29 18:15:19+00:00,en,1825641317411479552
2038318332747931699,"🧵 BREAKING: Major power outages have been reported in the Iranian city of Karaj following a fresh round of U.S.–Israeli airstrikes, with local infrastructure hit overnight, according to international media. 
The Times of India
Source: Anadolu &amp; Iran International news agencies. https://t.co/71vJg8FS5Z",2026-03-29 18:12:15+00:00,en,1954918117122985984
2038316504156946661,"🚨 
 Jinx broken: MI win IPL opener after 2012, Rohit Sharma leads chase vs KKR 

 #Latest #News #Bharat #India #BreakingNews #TrendingNews #BigBreaking #breaking #latestupdates #updates #world #trending #NewsUpdates #Newsfeed #TrendingNow #viralnews 

https://t.co/ZpEMrqTVbB",2026-03-29 18:04:59+00:00,en,1824156892781768704
2038311627418910801,"X App in India:

- Often ranks as a top news app in the Indian App Store.
- One of the world's largest markets for overall app installs.
- Averaging 24 to 26 million active users.
- That's just 1.7% of the population.
- Ranks 3rd globally
- Driven largely by breaking news, https://t.co/GqIB13lNWs",2026-03-29 17:45:36+00:00,en,1348480340
2038310505274892687,"🚨 
3.1 magnitude earthquake hits Gujarat, second in six days 

 #Latest #News #Bharat #India #BreakingNews #TrendingNews #BigBreaking #breaking #latestupdates #updates #world #trending #NewsUpdates #Newsfeed #TrendingNow #viralnews 

https://t.co/VrTSuYSSNk",2026-03-29 17:41:09+00:00,en,1824156892781768704
2038307598102135244,"Breaking News 🚨 

A decade ago, India could manufacture just 3 GW of solar modules. 

Today, capacity has reached 172 GW, with 10,000 homes going solar every day. https://t.co/BE4UkR1hda",2026-03-29 17:29:35+00:00,en,2029614364907782144
2038303676251672778,"@zoo_bear @Meta @moliticsindia https://t.co/OKJTscy6iE

🚨 BREAKING NEWS | SOCIAL MEDIA • CONTENT BLOCK
Date: 29 March 2026 📅
Severity: SERIOUS

Headline
“Who Silenced Molitics? India’s Internet Debate Erupts”

What Happened
• Meta restricts Molitics Facebook in India, sparking censorship concerns and https://t.co/MoezHRXhA2",2026-03-29 17:14:00+00:00,en,1867965335439384576
2038302774111142033,"BREAKING NEWS! Ol Kalou MP David Njuguna Kiaraho has died while undergoing treatment in India.

He served as Member of Parliament for Ol Kalou for three consecutive terms, from 2013 until his death. https://t.co/aOqJrR5IDl",2026-03-29 17:10:25+00:00,en,1683504275991801856
2038302684550156594,"""BREAKING NEWS: 
Saudi Arabia no longer needs the Strait of #Hormuz for its oil exports. 

The East-West pipeline is now operating at full capacity, 7 million barrels per day, ensuring direct supply to the main importing countries: 

• 🇨🇳China — 37.7% 
• 📷India — 14.7% 
• https://t.co/4ixbit06XA",2026-03-29 17:10:04+00:00,en,246993396
2038300425087013125,"🚨 
""Tea Tribes Have Waited Too Long For Justice"": Hemant Soren At Assam Rally 

 #Latest #News #Bharat #India #BreakingNews #TrendingNews #BigBreaking #breaking #latestupdates #updates #world #trending #NewsUpdates #Newsfeed #TrendingNow #viralnews 

https://t.co/3KtJug3XoW",2026-03-29 17:01:05+00:00,en,1824156892781768704
2038296361922383990,"🚨 
Congress Releases First List Of 284 Candidates For 2026 Bengal Polls 

 #Latest #News #Bharat #India #BreakingNews #TrendingNews #BigBreaking #breaking #latestupdates #updates #world #trending #NewsUpdates #Newsfeed #TrendingNow #viralnews 

https://t.co/edtTFzLt1j",2026-03-29 16:44:57+00:00,en,1824156892781768704
2038286248117141588,"🚨 
 Watch: Pak dy PM falls on red carpet while welcoming Egyptian FM 

 #Latest #News #Bharat #India #BreakingNews #TrendingNews #BigBreaking #breaking #latestupdates #updates #world #trending #NewsUpdates #Newsfeed #TrendingNow #viralnews 

https://t.co/dYcpLIB1VO",2026-03-29 16:04:45+00:00,en,1824156892781768704
2038283215723704797,"@talk2anuradha 🚨 BREAKING NEWS | TRANSPORT • AI TOLLING
Date: 29 March 2026 📅
Severity: SERIOUS

Headline
• FASTag 2.0 or Mass Surveillance?

What Happened
• India rolls out AI tolling, removing barriers, raising privacy fears nationwide
• Cameras track number plates, auto-charge FASTag https://t.co/OsOTsYWgE3",2026-03-29 15:52:42+00:00,en,1867965335439384576
2038282225423204417,"@_despotic_ Breaking News from the frontline:
Indian crusade against rail transportation continues. Trains remain undefeated as India loses another militant to the enemy",2026-03-29 15:48:46+00:00,en,1112419359174086657
2038281139903688822,"India ships 38,000 MT of fuel to Sri Lanka amid West Asia crisis and local… 
https://t.co/y1CZzuCNhf

#news #breaking",2026-03-29 15:44:27+00:00,en,834926037578371072
2038280957594099808,"India ships 38,000 MT of fuel to Sri Lanka amid West Asia crisis and local… 
https://t.co/y1CZzuCNhf

#News #LatestNews #BreakingNews #Breaking",2026-03-29 15:43:44+00:00,en,834926037578371072
2038280352502849892,"Breaking news. India 
Journalist 
Indian Muslim people don’t like Israel 🥳🥳🥳 https://t.co/LcW6ZTvYGG",2026-03-29 15:41:20+00:00,en,1871397315509882880
2038279360919261433,"Bareilly news
Uttar Pradesh news
Park incident
Viral news India
Social awareness
Public property respect
Gandhi statue inc
India viral news
Breaking news India
Local news UP
Awareness post
Viral reel India
Public behavior
📌 Hashtags
#Bareilly
#UttarPradesh
#ViralNews
#IndiaNews https://t.co/WqRZnzL26K",2026-03-29 15:37:23+00:00,en,1805635362330755072
2038277285585817601,"🚨 
Government's 'Big Thanks' After 6000 PNG Users Surrender Their LPG Connection 

 #Latest #News #Bharat #India #BreakingNews #TrendingNews #BigBreaking #breaking #latestupdates #updates #world #trending #NewsUpdates #Newsfeed #TrendingNow #viralnews 

https://t.co/nvedbM1iLi",2026-03-29 15:29:08+00:00,en,1824156892781768704
2038273079856578744,"🚨 
West Bengal Elections 2026: Congress Releases First List Of 284 Candidates 

 #Latest #News #Bharat #India #BreakingNews #TrendingNews #BigBreaking #breaking #latestupdates #updates #world #trending #NewsUpdates #Newsfeed #TrendingNow #viralnews 

https://t.co/JWfITpsmrG",2026-03-29 15:12:26+00:00,en,1824156892781768704
2038269879527096786,"🚨 
'Kerala Has Remained Trapped Between LDF, UDF Loots': PM Modi 

 #Latest #News #Bharat #India #BreakingNews #TrendingNews #BigBreaking #breaking #latestupdates #updates #world #trending #NewsUpdates #Newsfeed #TrendingNow #viralnews 

https://t.co/oB0WSvqCpX",2026-03-29 14:59:43+00:00,en,1824156892781768704
2038265962927923699,"🚨 
Airlines To Offer 60% Flight Seats Without Additional Charge From April 20 

 #Latest #News #Bharat #India #BreakingNews #TrendingNews #BigBreaking #breaking #latestupdates #updates #world #trending #NewsUpdates #Newsfeed #TrendingNow #viralnews 

https://t.co/OL7K2fptb6",2026-03-29 14:44:09+00:00,en,1824156892781768704
2038261175490924959,"@iamharunkhan https://t.co/4HZLxW5KRL

🚨 BREAKING NEWS | SOCIAL MEDIA • INTERFAITH MARRIAGE
Date: 29 March 2026 📅
Severity: NON-SERIOUS

Headline
•  Love vs Religion: Internet Erupts

What Happened
• Influencers marry in India, sparking online debate, emotional reactions across https://t.co/P670iNt1UA",2026-03-29 14:25:07+00:00,en,1867965335439384576
2038260730227790173,"🚨 
 A shadow war? The Shia-Sunni equation behind Iran's Gulf attacks 

 #Latest #News #Bharat #India #BreakingNews #TrendingNews #BigBreaking #breaking #latestupdates #updates #world #trending #NewsUpdates #Newsfeed #TrendingNow #viralnews 

https://t.co/n4zo2cCa3C",2026-03-29 14:23:21+00:00,en,1824156892781768704
2038257824179146814,"🔥 This is BIG.
Not just another headline — this has serious implications that people need to pay attention to.
The narrative is shifting, and moments like this often get buried in noise. Don’t let that happen.
Watch closely.

👇 Your thoughts?

#Breaking #India #News #Trending https://t.co/88FMljiV9a",2026-03-29 14:11:48+00:00,en,1131590907659268097
2038255319751807417,"🚨 
OnePlus 13 is now selling at the lowest price in India 

 #Latest #News #Bharat #India #BreakingNews #TrendingNews #BigBreaking #breaking #latestupdates #updates #world #trending #NewsUpdates #Newsfeed #TrendingNow #viralnews 

https://t.co/66yc43pSym",2026-03-29 14:01:51+00:00,en,1824156892781768704
2038251079775707280,"🚨 
iPhone 17 price drops to lowest: Full details 

 #Latest #News #Bharat #India #BreakingNews #TrendingNews #BigBreaking #breaking #latestupdates #updates #world #trending #NewsUpdates #Newsfeed #TrendingNow #viralnews 

https://t.co/puTPYJASCI",2026-03-29 13:45:00+00:00,en,1824156892781768704
2038239882917900738,"@BRICSinfo The fact that ""Indian tankers passing safely through Hormuz"" is breaking news tells you everything about how fragile global energy supply chains are right now.

India imports 85% of its crude oil. About 60% of that flows through Hormuz. One Iranian retaliation closing the strait",2026-03-29 13:00:31+00:00,en,1967544761528541184
2038236555241046350,"Breaking News Live ||  News @5 || Breaking News || Latest News || 29 March 2026 || News Tv India 

#NationalNews | #NationalNewsLive | #BreakingNews | #LatestNews | #NewsTvIndia | https://t.co/lPh8vjRBOc",2026-03-29 12:47:18+00:00,en,1045335219509768192
2038236511985192997,"🚨 
Images Show Crucial American E-3 Sentry Aircraft Damaged At Saudi Air Base 

 #Latest #News #Bharat #India #BreakingNews #TrendingNews #BigBreaking #breaking #latestupdates #updates #world #trending #NewsUpdates #Newsfeed #TrendingNow #viralnews 

https://t.co/DkrqTk0qUh",2026-03-29 12:47:07+00:00,en,1824156892781768704
2038234309619028131,"🚨 Breaking News - OnePlus is pulling out from physical retail in India, expands service network via OPPO. https://t.co/z6ys2blxpm",2026-03-29 12:38:22+00:00,en,1921167818353242113
2038230757684940909,"🚨 
 'Big thanks': 6,000 PNG users surrendered their LPG connections, says govt 

 #Latest #News #Bharat #India #BreakingNews #TrendingNews #BigBreaking #breaking #latestupdates #updates #world #trending #NewsUpdates #Newsfeed #TrendingNow #viralnews 

https://t.co/2GVrV2DUk7",2026-03-29 12:24:15+00:00,en,1824156892781768704
2038228590794346692,"@CNNnews18 https://t.co/auWILSQpj9

🚨 BREAKING NEWS | SOCIAL MEDIA • CELEBRITY BACKLASH
Date: 29 March 2026 📅
Severity: SERIOUS

Headline
• “Say ‘Propaganda’—Lose Your Voice?”

What Happened
• India: Reet Padda deletes accounts after online backlash sparks outrage
• She called films https://t.co/42GhAQa4ff",2026-03-29 12:15:39+00:00,en,1867965335439384576
2038218252514635792,"@DeepikaBhardwaj https://t.co/BQNqkFMOdr

🚨 BREAKING NEWS | LAW &amp; ORDER • MAINTENANCE LAW
Date: 29 March 2026 📅
Severity: SERIOUS

Headline
• Court: You Don’t Owe In-Laws Anything

What Happened
• High Court ruling in India denies in-laws maintenance claim, sparking fairness debate
• Court https://t.co/ZgJYL2vN6I",2026-03-29 11:34:34+00:00,en,1867965335439384576
2038217179561386067,"@KalamCenter https://t.co/sDhusX5oTZ

🚨 BREAKING NEWS | ECONOMY • TELECOM PRICING
Date: 29 March 2026 📅
Severity: NON-SERIOUS

Headline
• 28-Day Recharge Trap EXPOSED 🚨

What Happened
• India pushes telecoms for true 30-day plans, easing recharge burden frustration
• Raghav Chadha https://t.co/k2SuaxelO1",2026-03-29 11:30:18+00:00,en,1867965335439384576
2038211340821811694,"Breaking News 🚨 

Brazil pitches HIGHER crude supplies to India and explores refining partnerships, with BPCL contracting 12M barrels for FY27. 

India’s refining capacity stands at 258 mtpa. 

Bilateral trade reached $15.21 BILLION in 2025. https://t.co/rqRiov2w0a",2026-03-29 11:07:06+00:00,en,2029614364907782144
2038207763487088875,"BREAKING NEWS: Ol Kalou MP David Njuguna Kiaraho has died while receiving treatment in India.

He has been MP for three consecutive terms from 2013 up to now.

May he RIP.🙏 https://t.co/aoDp6K8pjS",2026-03-29 10:52:53+00:00,en,3253596347
2038205769443598404,"🚨 
Pakistan Hosts Saudi Arabia, Turkey, Egypt For Talks On Iran War 

 #Latest #News #Bharat #India #BreakingNews #TrendingNews #BigBreaking #breaking #latestupdates #updates #world #trending #NewsUpdates #Newsfeed #TrendingNow #viralnews 

https://t.co/gFL8HohLRV",2026-03-29 10:44:58+00:00,en,1824156892781768704
2038200894547005518,"This flow is like pipe line, flow should be continuous, break ,( not breaking news) delay in reaching India will lockdown many business 
https://t.co/4BgBrEcqZJ",2026-03-29 10:25:35+00:00,en,1445256750
2038200226444374384,"🚨 
 $3 billion toll: US counts losses in aircraft, drones, defence systems 

 #Latest #News #Bharat #India #BreakingNews #TrendingNews #BigBreaking #breaking #latestupdates #updates #world #trending #NewsUpdates #Newsfeed #TrendingNow #viralnews 

https://t.co/wY1hlkQW70",2026-03-29 10:22:56+00:00,en,1824156892781768704
2038196855960654155,"#BREAKING💍 Big news! Rajat Dalal has tied the knot in a beautiful private ceremony.
Heartwarming glimpses from his special day are winning hearts online 💖✨
#RajatDalal #WeddingNews #JustMarried #CoupleGoals #india #IndianWedding #India #Bollywood #TVActors #CelebrityWedding https://t.co/j8KkhzVe5c",2026-03-29 10:09:32+00:00,en,1934687366943477760
2038191802537345450,"BIG BREAKING NEWS 🚨

Pakistan's former Army Chief Qamar Bajwa who called India enemy no.1, has died. He slipped in the bathroom. https://t.co/z5ow6b1yuF",2026-03-29 09:49:28+00:00,en,2038103591416639488
2038191157662920759,🚨BREAKING NEWS! Ol Kalou MP David Njuguna Kiaraho has died while undergoing treatment in India. https://t.co/I5HfZjNAlE,2026-03-29 09:46:54+00:00,en,275709225
2038183912749273094,"BREAKING NEWS: MP Dies While Receiving Treatment in India​​, @standard #motoreview",2026-03-29 09:18:07+00:00,en,1652027412001988614
2038183688588964134,"BREAKING NEWS🚨

David Kiaraho MP for Ol Kaluo has passed away while receiving treatment in India.

Family confirms.

Its high time we equip our national hospital like KNH to avoid this external late referrals. 

May his soul rest in peace.💔 https://t.co/Lh3qqzvYV0",2026-03-29 09:17:13+00:00,en,1385316065761243136
2038182804115042790,"BREAKING NEWS: Ol Kalou MP David Njuguna Kiaraho has died while receiving treatment in India.

He has been MP for three consecutive terms from 2013 up to now.

May he RIP.🙏 https://t.co/t6NgUfcQjZ",2026-03-29 09:13:42+00:00,en,1804442057500512256
2038181207259881750,"@MissionAmbedkar https://t.co/OwpoRsytka

🚨 BREAKING NEWS | SOCIAL MEDIA • LPG CYLINDER CLAIM
Date: 29 March 2026 📅
Severity: SERIOUS

Water-Filled LPG Cylinders Viral Claim

What Happened
• Viral video claims water-filled LPG cylinder in India, triggering public anger and fear
• No official https://t.co/fo1jDFH2N5",2026-03-29 09:07:22+00:00,en,1867965335439384576
2038180919551644001,"Breaking News: Ol Kalou MP David Kiaraho has passed away while receiving treatment, as confirmed by Speaker Moses Wetang'ula. Reports are divided on whether it happened in India or Nairobi Hospital. Condolences to his family. RIP. #OlKalou #DavidKiaraho #Kenya https://t.co/iSYOoaEPTd",2026-03-29 09:06:13+00:00,en,1951567639094120448
2038178905173942466,"BREAKING NEWS: Ol Kalou MP David Njuguna Kiaraho has died while receiving treatment in India.

May he RIP.🕊 https://t.co/yqGqGW2ksn",2026-03-29 08:58:13+00:00,en,1606253381118468096
2038177903293366471,"🚨 Huge Breaking News 🚨

Modi will no longer remain Prime Minister.

According to a Weshington Post report, the CIA and ISI have decided to initiate a regime change in India.

It is claimed that Asim Munir and Trump are not in favor of Modi, therefore a new government will be",2026-03-29 08:54:14+00:00,en,1994022943320641536
2038177531992404385,"BREAKING NEWS!!

Olkalou MP David Njuguna Kiaraho has passed on while undergoing treatment in India.

He served as MP for Ol Kalou for three consecutive terms, from 2013 until his demise.

He was elected on a Jubilee Party ticket 2022 General Election.

R.I.P mhesh. https://t.co/IR4oUu9baE",2026-03-29 08:52:45+00:00,en,1293920650600603652
2038177107608510973,"Breaking news 

The Ol Kalou MP David Kiaraho dies while receiving treatment in India. https://t.co/dR4bNOJZ14",2026-03-29 08:51:04+00:00,en,1819773868447260672
2038176178851475494,"🚨 BREAKING NEWS 🚨

In a major policy move, India’s Home Ministry, led by Amit Shah, has announced that certain non-Muslim migrants from Afghanistan, Bangladesh, and Pakistan will be allowed to stay in India even without valid passports or travel documents. 🇮🇳⚖️ This applies to https://t.co/sAfAtSMMEi",2026-03-29 08:47:23+00:00,en,1683829437752827906
2038175812193488971,"🚨 
Bengaluru Jail Inmates Seen Using Mobile Phones, TV, 3 Staffers Suspended 

 #Latest #News #Bharat #India #BreakingNews #TrendingNews #BigBreaking #breaking #latestupdates #updates #world #trending #NewsUpdates #Newsfeed #TrendingNow #viralnews 

https://t.co/4kjX9nnC0I",2026-03-29 08:45:55+00:00,en,1824156892781768704
2038174748954288226,Breaking News; Rest in Peace Ol Kalou MP David Njuguna Kiaraho who has Died While Receiving Treatment in India. https://t.co/4N8ffWqbdJ,2026-03-29 08:41:42+00:00,en,1593631262341734401
2038174482347819459,"BIG BREAKING NEWS 🚨

Pakistan's former Army Chief Qamar Bajwa who called India enemy no.1, has died. He slipped in the bathroom. https://t.co/iu0byaVHzB",2026-03-29 08:40:38+00:00,en,2034214756207427584
2038173882419405142,"BREAKING NEWS: Ol Kalou MP David Njuguna Kiaraho Dies in India
May the family feel easy during this tough moments",2026-03-29 08:38:15+00:00,en,1556177819708833792
2038172639764660444,BREAKING NEWS: Ol Kalou MP David Njuguna Kiaraho Dies in India while receiving treatment. https://t.co/bat69BFOF4,2026-03-29 08:33:19+00:00,en,2989725442
2038171741344972859,"Breaking News:
India shows d world what is meant by being a friend.
India has delivered 38,000 metric tonnes (MT) of petroleum to Sri Lanka as Colombo grapples wid supply disruptions triggered by d ongoing West Asia conflict, Indian High Commission in Colombo said on Saturday. https://t.co/UCxlxDH5h4",2026-03-29 08:29:45+00:00,en,2028450428980269056
2038171665041903937,"BREAKING NEWS

930 pm last night 
Man from India mows down 9 in Derby car attack

Baggy Shanker, the MP for Derby South, said his thoughts are with “everyone who has been affected and with their loved ones”

#UKLabour @Conservatives @LibDems  @narindertweets @the_hindu",2026-03-29 08:29:27+00:00,en,1098920303353303040
2038171152531759590,"BREAKING NEWS 

Despite Indian armys polluting twitter with their misogynistc tweets, their faves BTS FAILS to debut in both BILLBOARD INDIA and IFPI Charts. 

The versions and remixes seems not helping them infront of local songs. https://t.co/NVeAJMG9k3",2026-03-29 08:27:24+00:00,en,2015028593685127168
2038171052589842443,"@Blackman_Mind KULEVYA NEWS
Breaking: Ol Kalou MP Hon. David Njuguna Kiaraho has passed away while undergoing treatment in India. The legislator, who notably voted YES on the Finance Bill, had been unwell for some time. May his soul rest in peace. https://t.co/0PopoCf13F",2026-03-29 08:27:00+00:00,en,1897633798239715328
2038170950256984130,"Breaking News 🔥🔥🔥

Ol Kalou MP David Kiaraho dies in India while receiving treatment https://t.co/gdyfgHIaWk",2026-03-29 08:26:36+00:00,en,747818969688596480
2038170417270268320,"BREAKING SAD 😭 NEWS: We are receiving very disheartening News of passing on of Olkolou Member of Parliament Hon David Kiaraho while receiving treatment in India.
RIEP Hon Kiaraho. https://t.co/axwWrVfEja",2026-03-29 08:24:29+00:00,en,962993698878435329
2038170118484558190,"BREAKING NEWS: Ol Kalou Member of Parliament, David Njuguna Kiaraho, is dead. The lawmaker died on Sunday, March 29, 2026, while receiving specialised treatment in a hospital in India. 

Kiaraho was first elected in 2013 and successfully defended his seat in 2017 and 2022. https://t.co/oN3qtgRtjv",2026-03-29 08:23:18+00:00,en,1600175639981703174
2038169661876105412,"@Kenyans KULEVYA NEWS
Breaking: Ol Kalou MP Hon. David Njuguna Kiaraho has passed away while undergoing treatment in India. The legislator, who notably voted YES on the Finance Bill, had been unwell for some time. May his soul rest in peace. https://t.co/BRZS4EWp59",2026-03-29 08:21:29+00:00,en,1897633798239715328
2038169502123528668,"@ClintonObonyo KULEVYA NEWS
Breaking: Ol Kalou MP Hon. David Njuguna Kiaraho has passed away while undergoing treatment in India. The legislator, who notably voted YES on the Finance Bill, had been unwell for some time. May his soul rest in peace. https://t.co/kCeODgnvzS",2026-03-29 08:20:51+00:00,en,1897633798239715328
2038169274007834859,"@Maryian96 KULEVYA NEWS
Breaking: Ol Kalou MP Hon. David Njuguna Kiaraho has passed away while undergoing treatment in India. The legislator, who notably voted YES on the Finance Bill, had been unwell for some time. May his soul rest in peace. https://t.co/npA1HrqGIL",2026-03-29 08:19:56+00:00,en,1897633798239715328
2038169226192502882,"Breaking News: Ol Kalou MP David Njuguna Kiaraho Dies While Receiving Treatment in India. May he RIP

Another Bi- election in Mt. Kenya, Gachagua Vs Kindiki one more time https://t.co/HhjkCGqhLk",2026-03-29 08:19:45+00:00,en,1805220824770641920
2038168998215344600,"BREAKING NEWS! :Olkalau MP David Njuguna Kiaraho dies while receiving treatment in India.
#Kiambumagazine https://t.co/W9HtgrdaI7",2026-03-29 08:18:51+00:00,en,779214331045089280
2038168869421060256,"KULEVYA NEWS
Breaking: Ol Kalou MP Hon. David Njuguna Kiaraho has passed away while undergoing treatment in India. The legislator, who notably voted YES on the Finance Bill, had been unwell for some time. May his soul rest in peace. https://t.co/b9tHZDvk7c",2026-03-29 08:18:20+00:00,en,1897633798239715328
2038167882375291141,"BREAKING NEWS: Ol Kalou MP David Njuguna Kiaraho dies while receiving treatment in India.

He has been the MP for three consecutive terms from 2013 up to now.

May His Soul Rest in Peace 🙏😭 https://t.co/aQPmrn20dC",2026-03-29 08:14:25+00:00,en,1942978523251048448
2038167713382535542,Breaking News: Ol Kalou MP David Njuguna Kiaraho Dies While Receiving Treatment in India. https://t.co/S0C3YTzkJ0,2026-03-29 08:13:44+00:00,en,1519733806181273603
2038165662997037441,"🚨BREAKING NEWS: Shock as Another MP Dies While Undergoing Treatment in India
https://t.co/uWHAzkdard",2026-03-29 08:05:36+00:00,en,1319877376977833985
2038165495808192764,"🚨 BREAKING: Politics in India is intensifying fast.

From Mamata Banerjee to Amit Shah to #PMModi, narratives are clashing in real time.

This isn’t just news. It’s power in motion. What do you think matters most right now? 👇

#Politics #India #PMModi",2026-03-29 08:04:56+00:00,en,107906536
2038165059432554799,"BREAKING NEWS 

An MP dies while receiving treatment in India",2026-03-29 08:03:12+00:00,en,1956031641245155329
2038164722323702076,"BREAKING NEWS! Ol Kalou MP David Njuguna Kiaraho has died while undergoing treatment in India.

He served as Member of Parliament for Ol Kalou for three consecutive terms, from 2013 until his death.

He was one of the only two MPs elected on a Jubilee Party ticket in the former https://t.co/zLBsxjUPNu",2026-03-29 08:01:51+00:00,en,285699246
2038164258811183194,BREAKING NEWS: Ol Kalou MP David Kiaraho  is dead! He passed away in India while receiving treatment https://t.co/9vlnG3HuGZ,2026-03-29 08:00:01+00:00,en,820899542757478400
2038163546907758968,"📍Breaking News🚨
A Kenyan MP Dies While Receiving Treatment in India.",2026-03-29 07:57:11+00:00,en,1707107190383710208
2039932758944792987,"BREAKING NEWS:

GOD HAS DELETED YOUR NAME AND YOUR LOVED ONE FROM ANY TERMINAL ILLNESS

SAY ""AMENNN""",2026-04-03 05:07:24+00:00,en,1688925639234183168
2039929659371262421,"US breaking —
Iran vs US-Israel War News Live Updates: Trump warns US will target Iranian bridges and power plants next — Indian Express
#IranWar #USA #WhiteHouse #USpolitics #BreakingNews #WorldNews",2026-04-03 04:55:05+00:00,en,1032268845757550592
2039926751904805008,"OLD NEWS, BUT RELEVANT NOW:  

BREAKING EXCLUSIVE: The Trump White House Has Discovered That Deputy AG Todd Blanche Is The Democrat Deep State Mole Sabotaging Trump's Offensive Against The Deep State!",2026-04-03 04:43:32+00:00,en,1623466032584359936
2039924769823330344,BREAKING: Secretary War Pete Hegseth has asked Army Chief of Staff Gen. Randy George to step down and take immediate retirement — CBS News,2026-04-03 04:35:39+00:00,en,222782018
2039924269535334782,"Today in AI  — April 3, 2026

🔴 Breaking:
&gt;Alibaba Drops 3 AI Models in 3 Days
&gt;Perplexity Sued Over Sharing Chats With Meta &amp; Google
&gt;OpenAI Buys Tech News Show TBPN
&gt;Microsoft Invests $10B in Japan AI Infrastructure

🚀 Launches:
&gt;Google Gemma 4 Runs Offline on Your Phone",2026-04-03 04:33:40+00:00,en,1882876325125582848
2039924167408300224,Breaking news alert Heather Jada sells HER PUSSY FOR ONE PENNY ALL DAY EVERYDAY BITCH,2026-04-03 04:33:16+00:00,en,1871374345010114560
2039923589516796028,Breaking News: The Yankees offer 4 prospects for Konnor Griffin.,2026-04-03 04:30:58+00:00,en,3033917618
2039916230736261499,"Stay ahead of the curve with breaking updates, expert context, and in-depth analysis. Watch ABC News Live for 24/7 coverage you can trust.

#ABCNews #BreakingNews #LiveStream",2026-04-03 04:01:43+00:00,en,1672823780069228549
2039915987106169038,BREAKING NEWS : Anyone who touches this POST before April 4th will be blessed with income that is overflowing.,2026-04-03 04:00:45+00:00,en,2012139152641495040
2039915636114006047,BREAKING NEWS: Hot blonde is looking at me across the bar. What’s my next move? #hawktini,2026-04-03 03:59:22+00:00,en,1817083409124196352
2039910975931879528,So kinda like breaking news....India launches it's first population census in 15 years. It's already the world's most populous nation. These streetshitters could number close to 2 billion by now.,2026-04-03 03:40:51+00:00,en,1713675271730036737
2039910755588255983,Breaking News 🚨: JESUS CHRIST THE SAME YESTERDAY TODAY AND FOREVER!!!,2026-04-03 03:39:58+00:00,en,1377624886487695366
2039907356188787195,BREAKING NEWS: Every finger that touches this post will receive good news TODAY.,2026-04-03 03:26:28+00:00,en,1521197183630024707
2039902852987191468,"⚡️BREAKING — Hegseth has removed over 12 top generals, including the army chief, according to Fox News.",2026-04-03 03:08:34+00:00,en,1897390133705412608
2039899239619182618,Breaking News: Hegseth pushes out top U.S. general,2026-04-03 02:54:12+00:00,en,1814583770978394112
2039896564945035508,"Hey world, did you see this BREAKING news today?

In case you didn’t, Iranian students and professionals who came to the U.S. and followed the legal process step by step have now been stuck in limbo for more than 4 months.

Many Ph.D. students have already spent 5 years in the",2026-04-03 02:43:35+00:00,en,1215233671571165184
2039891237155569775,"BREAKING 🚨 
Honorable Top leadership in the US Army, Navy AND Air Force, along with the Chairman of the Joint Chiefs of Staff, were just fired by former Fox News host Pete Hegseth.

The very top US military.
They are all refusing to do something.",2026-04-03 02:22:24+00:00,en,1457338780738797572
2039889907745718283,"💊 +39% profit on a prediction market bet.

Market: Atlanta Braves vs. Arizona Diamondbacks: Atlanta B
Side: YES

AI found the edge by reading breaking news before the market priced it in.

#Polymarket #PredictionMarkets #AI",2026-04-03 02:17:07+00:00,en,2032582083227328512
2039889849944272928,"BREAKING NEWS: Landon Hairston gets out on a groundout 🤯🤯

3-2, ASU. Top 5th.

@CronkiteSports",2026-04-03 02:16:54+00:00,en,1806577421891854336
2039889817845072046,"Breaking News. Atlanta News reports that the Atlanta Transportation Authority has installed a new stop light at the University access ramp to 75/85 to control traffic flow. 
Unfortunately the traffic light has potentially become a traffic hazard. ATA has concluded that flashing",2026-04-03 02:16:46+00:00,en,1590430545804140544
2039889788061536364,"BREAKING NEWS: Landon Hairston gets out on a groundout 🤯🤯

3-2, ASU. Top 4th.

@CronkiteSports",2026-04-03 02:16:39+00:00,en,1806577421891854336
2039886493712609730,"🚨 SECURITY ALERT: Governments and law enforcement are monitoring reported threats to places of worship.

Public advised to stay alert and report suspicious activity. 🔥

#Security #Breaking #Safety #US #Europe #Alert #News",2026-04-03 02:03:34+00:00,en,1421046793912012800
2039886147162124714,"🚨 BREAKING NEWS

Anthropic has quietly acquired Coefficient Bio, a Dimension-backed stealth startup, for just over $400 million in stock. 

The deal brings a team focused on AI models for biological research and artificial superintelligence for science into Anthropic's Health",2026-04-03 02:02:11+00:00,en,21182887
2039884724424880377,"🚨📷 BREAKING NEWS:  “We’re not going to prosecute the predators in the Epstein files or release their names to the public.”  — US Attorney General, Todd Blanche",2026-04-03 01:56:32+00:00,en,2039513481867608064
2039881816153165957,"🚨BREAKING: US Secretary Of War Pete Hegseth Fires 12 High-Ranking Generals

This includes General Randy George, the head of the Army. 

The latest report came from Fox News.

It appears as if this means a ground invasion of Iran is coming.",2026-04-03 01:44:58+00:00,en,414962189
2039881740387295459,"Kansas forward Flory Bidunga plans to enter the NCAA transfer portal. Bidunga is also planning on declaring for the NBA draft.

Follow @courtlinemedia for more breaking news!",2026-04-03 01:44:40+00:00,en,2038669655082975232
2039881593649508745,"🚨BREAKING: US Secretary Of War Pete Hegseth Fires 12 High-Ranking Generals

This includes the General Randy George, the head of the Army. 

The latest report came from Fox News.

It appears as if this means a ground invasion of Iran is coming.",2026-04-03 01:44:05+00:00,en,414962189
2039881410425631161,"Kansas forward Flory Bidunga plans to enter the NCAA transfer portal. Bidunga is also planning on entering the NBA draft.

Follow @courtlinemedia for more breaking news!",2026-04-03 01:43:22+00:00,en,2038669655082975232
2039880672769118250,"BREAKING 
On the Edge of Order: When War, Law and Medicine Collide

A terse communiqué from Tehran. A president stepping to a lectern as fleets and markets hold their breath. A Supreme Court bench probing the bounds of executive power. In the space of a single news cycle, the",2026-04-03 01:40:26+00:00,en,1601301672847761408
2039880007032451100,"🚨NOT Breaking News:
ISLAM Destroys Europe❗️",2026-04-03 01:37:47+00:00,en,88568854
2039875738850017620,"**BREAKING NEWS**

For the RECORD......DON'T TAG Me or expect me to Repost or share ANY of this DRAMA BULLSHIT!!!

I will NOT be Clipping or Posting ANYTHING FROM THOSE DIRECTLY involved EITHER!!! 

I am Done with IT ALL!!! 

OK......back to your regularly scheduled programming!!",2026-04-03 01:20:49+00:00,en,1546681920993607681
2039873856974790887,"BREAKING NEWS: Sorry to interrupt your scrolling, but Jesus has Risen and is coming again whether you believe it or not!",2026-04-03 01:13:21+00:00,en,1224455771288670208
2039872277232439668,"🚨 【Morning Briefing】April 3rd · Crypto Daily News

There are quite a few headlines today, please take a look:

1. BTC Breaks Key Support — The US dollar and oil prices rose in tandem, breaking below the key support level of $67,000. If buying pressure doesn't intervene in",2026-04-03 01:07:04+00:00,en,1525285911638188033
2039871928815468687,"⚡ BREAKING: Explosions reported near an Iranian Revolutionary Guard base in southwestern Iran, according to local news sources. #IRGC #Drone #Iran",2026-04-03 01:05:41+00:00,en,909438643588288514
2039871097470845012,"Breaking news out of the White House as Trump announces the departure of Attorney General Pam Bondi. A major shakeup for the DOJ.

#PamBondi #Trump #BreakingNews",2026-04-03 01:02:23+00:00,en,1672823780069228549
2039867960043397489,"🚨⚠️| BREAKING NEWS 📰: 

 Claude's computer use feature in Cowork and Claude Code Desktop is now available on Windows..",2026-04-03 00:49:55+00:00,en,1546636297053298689
2039867256910254274,"💊 +40% profit on a prediction market bet.

Market: Sabres vs. Senators: Sabres
Side: YES

AI found the edge by reading breaking news before the market priced it in.

#Polymarket #PredictionMarkets #AI",2026-04-03 00:47:07+00:00,en,2032582083227328512
2039866540988969098,"Breaking news 

A large wave of heavy airstrikes on Tehran now!",2026-04-03 00:44:16+00:00,en,321032572
2039866115929563328,"BREAKING—Acting Attorney General Todd Blanche on Fox News: ""To the extent that the Epstein files were part of the past year of this Justice Department, it will—should not be a part of anything going forward.""

@polihedge @JesseBWatters 🚨",2026-04-03 00:42:35+00:00,en,1513332348586180609
2039865863092768949,"BREAKING NEWS: 🚨Iranian Media: Explosions in Ahwaz and near Mashhad Airport. Targeting the air defense systems southwest of Tehran 
#IranWar‌ #Israël",2026-04-03 00:41:35+00:00,en,2032613875422498816
2039865411387208183,🚨BREAKING NEWS: Sirens sounding across Tel Aviv.,2026-04-03 00:39:47+00:00,en,1609358722274365441
2039864082589680058,"🚨 BREAKING NEWS that never gets old: Jesus is Alive!  The same King who conquered death is right now sitting on His throne, actively interceding for you and me.  That changes everything on tough days, doesn’t it?  What situation are you trusting Him with right now?",2026-04-03 00:34:30+00:00,en,1430539007646224387
2039863436260053450,"BREAKING: Secretary War Pete Hegseth has asked Army Chief of Staff Gen. Randy George to step down and take immediate retirement — CBS News

@TheInsiderPaper",2026-04-03 00:31:56+00:00,en,2024570273534791681
2039861773025583558,"BREAKING NEWS!!!

Easter maybe postponed report reaching us says that Judas is refusing to betray Jesus this year he claims that 30 pieces of silver is too small due to the current economic situation and high dollar rate.

He is demanding 100% increment on the amount.",2026-04-03 00:25:20+00:00,en,1985371574695079936
2039860117571616905,"BREAKING NEWS! $COIN has just clinched a monumental victory, securing initial conditional approval from the OCC for a coveted trust charter! This isn't just a win; it's a strategic masterstroke, catapulting $COIN closer to becoming a federally regulated powerhouse in the crypto",2026-04-03 00:18:45+00:00,en,1581764974753579008
2039854807972725140,Breaking News: Liberty Hill has hired former Cedar Park head girls basketball coach Kami Williamson to be the Lady Panthers next coach #txhsgbb #txhshoops #txhsbb,2026-04-02 23:57:39+00:00,en,1695944152742031360
2039853241371078952,"OpenAI dropped a quiet bombshell

They bought TBPN outright.

That Silicon Valley staple

Three hours live every weekday.

John Coogan and Jordi Hays breaking down tech news, pulling in founders and execs. Around 70,000 viewers tuning in, balanced buzz without the mega hype.",2026-04-02 23:51:26+00:00,en,1982651175263727616
2039852941218021458,🚨BREAKING NEWS: THE GOYIM KNOW.,2026-04-02 23:50:14+00:00,en,1922427069159424000
2039852859009700239,BREAKING NEWS: Neverrrrrrrrrrrrrrrrrrrr downplay your accomplishments. A job is a job. A car is a car. A house is a house.,2026-04-02 23:49:54+00:00,en,474246669
2039852808149533088,"🚨🇺🇸 BREAKING NEWS:

“We’re not going to prosecute the predators in the Epstein files or release their names to the public.”

— US Attorney General, Todd Blanche",2026-04-02 23:49:42+00:00,en,1367209793686036482
2039852615790624770,"BAD news 

BREAKING: Possibility President Trump fires FBI Director Kash Patel soon, per former FBI agent Kyle Seraphin.....",2026-04-02 23:48:56+00:00,en,794126759075659776
2039852615140618711,"BREAKING: SignalForge news filter just blocked a short on EURUSD.

Setup was clean... bearish engulfing on H1, targeting 1.0650.

Filter flagged high-impact US CPI data in 15 minutes.

Price spiked 40 pips on the print.

Would've been a full stop loss. Filters aren't optional.",2026-04-02 23:48:56+00:00,en,2023461400971186176
2039852244464521415,BREAKING: Secretary War Pete Hegseth has asked Army Chief of Staff Gen. Randy George to step down and take immediate retirement — CBS News,2026-04-02 23:47:28+00:00,en,1389242324274663425
2039851792566210968,"🚨 🚨Breaking News 🚀🚀

For the third consecutive time and within less than 5 minutes, targeting the U.S. occupation bases in Erbil",2026-04-02 23:45:40+00:00,en,501862939
2039850602973233589,"Looking to connect with folks who are into:

- Major sports events 🏆
- Viral moments &amp; trending topics
- Pop culture happenings
- Social media buzz
- Entertainment news
- What's breaking right now

Let's link up and ride the wave together 🤝",2026-04-02 23:40:56+00:00,en,2039292095970570241
2039849601327661161,"🇺🇸 BREAKING: US Secretary of War Pete Hegseth asked Army Chief of Staff Randy George to take immediate retirement, per CBS News. Major shakeup at top of US military command. Direct implications for Indo-Pacific troop commitments. — spectatorindex",2026-04-02 23:36:58+00:00,en,2038132771751706624
2039849360859836735,"#BAD news 

BREAKING: US Army Chief of Staff Gen. Randy George steps down and retires",2026-04-02 23:36:00+00:00,en,794126759075659776
2039849190373679241,"🚨 BREAKING NEWS 🚨

Conservative accounts are being mass banned and hacked tonight.

Johnny Midnight and Nick Shirley to name a few. 

This proves the Harry Sisson Left has NO ARGUMENT or ability to defend their destructive ideologies!

Always remember how they mocked Charlie",2026-04-02 23:35:20+00:00,en,1784729355056222208
2039848932985934322,"🚨Breaking News🚨
🔥April 02, 2026🔥
 ⚽️Daily World Cup Briefing ⚽️–
🇲🇽Group A Focus🇲🇽

Good afternoon, WC Chronicles fam! April 2 and we kick off our new Group-by-Group Daily Series with Group A. The four teams already confirmed in Group A are: Mexico (co-host), Czech Republic,",2026-04-02 23:34:18+00:00,en,1842758776354430976
2039847796610920823,"LATEST NEWS:
BREAKING: XRP SEES EXPLOSIVE INSTITUTIONAL ADOPTION — OVER 300 BANKS AND FINANCIAL FIRMS NOW ENGAGED

 **This article was brought to you by XRP ledger decentralized media powered by BXE token. Become an author and earn now.

#BXE

Read more 👇",2026-04-02 23:29:47+00:00,en,1029996763552276480
2039847455269785708,BREAKING NEWS: 80% of X users will be sleeping from 11:30pm going,2026-04-02 23:28:26+00:00,en,776178788040269824
2039846064182665411,‼️🇦🇪🇮🇷 Breaking News - United Arab Emirates denies report that Oracle data center was attacked in Dubai !,2026-04-02 23:22:54+00:00,en,2037223538822623232
2039845817998016784,BREAKING: TRUMP HAS AUTHORIZED GROUND TROOPS TO ENTER IRAN ACCORDING TO FOX NEWS #SUICIDEMISSION #TRUMPSUCKS #RIP #TROOPS #FOXNEWS #NEWS #GETRIDOFTRUMP,2026-04-02 23:21:56+00:00,en,1934293498364325888
2039844066523775144,"🚨 BREAKING NEWS🚨 

im taking a break from Persona 3 Reload right now to go eat some Korean BBQ then go watch The Super Mario Galaxy Movie with my friends .",2026-04-02 23:14:58+00:00,en,1486923134326525952
2039843773945979034,"BREAKING: Secretary War Pete Hegseth has asked Army Chief of Staff Gen. Randy George to step down and take immediate retirement — CBS News

@insiderpaper",2026-04-02 23:13:48+00:00,en,1827111603877093376
2039843397889094140,"🚨 BREAKING NEWS

Targeting of U.S. interests in Bahrain with a cluster missile",2026-04-02 23:12:19+00:00,en,501862939
2039842585032679890,"went down the ""Affiliate"" rabbit hole with Ai.. its having another Moment like 2014-2020.. best Campaigns are pushing Peptides.. High CPA but Higher Commission.. Claude does 90% of the Work.. this isnt Breaking News either.. its Only a Recession if ur looking at the Wrong things",2026-04-02 23:09:05+00:00,en,1474804337352318977
2039841430714384512,"🚨 BREAKING NEWS 

Explosions in Bahrain

#BAHRAIN",2026-04-02 23:04:30+00:00,en,501862939
2039839858273792220,"🇦🇷🍪Breaking News: Mondelez, the maker of Oreo and Milk and the food industry union have reached an agreement to guarantee jobs for at least 1 full year and a bonus of 920,000 pesos ($650 USD) per employee

This is great news for the employees as it gives them another year. On",2026-04-02 22:58:15+00:00,en,1690523182938439680
2039839147775631832,"Breaking News: Mid-Afternoon, April 2, 2026
The global landscape this afternoon is dominated by a volatile situation in the Middle East and the economic ripple effects felt across world markets…",2026-04-02 22:55:25+00:00,en,1738181391324516352
2039838026462081245,"🚨Breaking | Iran's Mehr News Agency: Air defenses activated against hostile targets in the capital, Tehran",2026-04-02 22:50:58+00:00,en,2022016074267734019
2039837794634244191,"🚨Breaking News🚨
To All Lesser Known Entities (I mean small accounts) I have some good news for you guys.
At exactly 12am una go hear from me.

Inform all the other Lesser Known Entities( smaller accounts) about this alert 📢",2026-04-02 22:50:03+00:00,en,2036115389369999360
2039837442774339883,"🚨BREAKING

Mehr Iranian News Agency: Activation of air defenses against hostile targets in the capital #Tehran",2026-04-02 22:48:39+00:00,en,1624304730242707457
2039836552491102677,"Breaking News:

Sad news: 

Manchester United are saddened to learn of the passing of Eamonn Boylan OBE.

A widely respected public servant and former Chief Executive of the Greater Manchester Combined Authority, Eamonn was also a lifelong Manchester United supporter and",2026-04-02 22:45:07+00:00,en,777630226977267712
2039836065322635591,the news anchor's face when they have to say breaking news about a taylor swift flight tracker update,2026-04-02 22:43:10+00:00,en,1986088764700291072
2039834082511827340,"Breaking- Per Fox News Tiger was seen on the phone awaiting arrival of police.

Guess who the first call he made ~ President of the United States Donald J. Trump. 

Asking (Trump)  him to intervene and stop the arrest.

😳",2026-04-02 22:35:18+00:00,en,1343174804
2039833476740899002,"Breaking News!
Ahead of 2027
INEC has decamped✍️ to APC.🤔😠🤣
Case Close 😡",2026-04-02 22:32:53+00:00,en,1670133070438047745
2039833400144548231,quicktime's mad dash is the most 2024 headline possible. a software update from 1991 is now a breaking news event because we've run out of new things to break.,2026-04-02 22:32:35+00:00,en,1986088764700291072
2039832676459290733,"Breaking News! If you are using this app, especially members of the media and content creators, make sure your notifications have not been mysterious ""turned off""  which is a form of shadow banning.",2026-04-02 22:29:42+00:00,en,15947878
2039832215266430997,"🚨 Breaking News ‼️

Another explosion rocks US occupation bases in Kuwait",2026-04-02 22:27:53+00:00,en,2022016074267734019
2039831708800008218,"BREAKING:

🇺🇸 Tensions erupt at the top of the U.S. Army.

Pete Hegseth has reportedly pushed Army Chief Randy George to step down immediately, per CBS News sources.

Insiders say Hegseth wants new leadership fully aligned with Donald Trump’s vision and ready to carry out their",2026-04-02 22:25:52+00:00,en,1986970021994872832
2039831321846100297,"🔴Breaking News

Trump fires Pam Bundy, the Attorney General and one of his key supporters…",2026-04-02 22:24:20+00:00,en,2022016074267734019
2039830277531353490,Theres the demonic Bishop comes online glaring with anger at us like a female v of Erika kirk. Him with his background fake AI studio trying to look like a breaking news channel. Whilst @calvinrobinson rocking his real office with proper chair and uk/Robin hood flags. Smart!,2026-04-02 22:20:11+00:00,en,1570720892862316546
2039830074665689481,"Breaking News: 

CBS news: 

Defense Secretary Pete Hegseth has asked Army Chief of Staff Gen. Randy George to 
step down, sources say.",2026-04-02 22:19:22+00:00,en,321032572
2039828963850059862,"BREAKING IRAN NEWS ALERT 🚨
U.S. Embassy in Albania warns Iran-linked groups may target U.S. institutions and the PMOI. Public places like tourist sites, malls, hotels, clubs, and restaurants could also be targeted. Citizens urged to stay alert and review security.",2026-04-02 22:14:57+00:00,en,3437210661
2039828689483956379,"BREAKING: Secretary of War Pete Hegseth has asked the Army Chief of Staff, General Randy George to step down and take immediate retirement, a senior U.S. Army official and senior Department of War official confirm to Fox News.",2026-04-02 22:13:52+00:00,en,2867156801
2039828479923925130,"📢 🚨 BREAKING!  📢 🚨 
Pam Bondi will soon join Fox News as the chief 
Doomer, Panican, and Grifter name caller!
She will go head to head with the current 
DPG name caller Do-Nothing Dan.",2026-04-02 22:13:02+00:00,en,1791833953717846016
2039827675070517249,"BREAKING: According to a CBS News report, US Secretary of War Pete Hegseth has requested that Army Chief of Staff Randy George step down immediately and enter retirement.",2026-04-02 22:09:50+00:00,en,1985437154785574913
2039827630837445015,Breaking news 🚨🚨: Artemis has been shot down by space force after Black astronaut failed to show his birth certificate while in orbit,2026-04-02 22:09:40+00:00,en,1400455648903503877
2039824762558406882,"BREAKING: Secretary of War Pete Hegseth has asked the Army Chief of Staff, General Randy George to step down and take immediate retirement, a senior U.S. Army official and senior Department of War official confirm to Fox News.",2026-04-02 21:58:16+00:00,en,231642058
2039824015607422979,BREAKING NEWS: Jesus Christ is coming soon kindly Rt to remind someone on your timeline.,2026-04-02 21:55:18+00:00,en,1224455771288670208
2039823931457282467,"🚨 Breaking News ‼️

Explosions in Kuwait as a result of a drone attack",2026-04-02 21:54:58+00:00,en,2022016074267734019
2039823423149576414,"BREAKING:  Fascistic CBS Chief &amp; Israeli ""friend"" Bari Weiss plans to turbo-charge her White House propaganda network to better compete with Fox News. 
     Rumor is she will transform the network dynamo 60 Minutes into a Trump ""day-in-the-life"" weekly series similar to the",2026-04-02 21:52:56+00:00,en,977737008188596224
2039823326458077275,"Breaking News: Pam Bondi to be appointed Ambassador to Scientology. 

Embassy to be built in Clearwater, FL",2026-04-02 21:52:33+00:00,en,1907525384280641537
2039823152390500356,"#Breaking News! Historic Policy!

Hergses Signs Historic Memorandum: Gun Bans Removed at US Military Bases; Soldiers Can Carry Private Weapons for Self-Defense

Hergses announced the signing of a new memorandum allowing soldiers to carry private firearms for self-defense at",2026-04-02 21:51:52+00:00,en,1484959332689227777
2039822531553853484,"BREAKING: Secretary of War Pete Hegseth has asked the Army Chief of Staff, General Randy George to step down and take immediate retirement, a senior U.S. Army official and senior Department of War official confirm to Fox News.",2026-04-02 21:49:24+00:00,en,1737114217445298176
2039821917612580972,"BREAKING:  Fascistic CBS Chief &amp; Israeli ""friend"" Bari Weiss plans to turbo-charge her White House propaganda network to better compete with Fox News. 
     Rumor is she will transform the network dynamo 60 Minutes into a Trump ""day-in-the-life"" weekly series similar to the",2026-04-02 21:46:57+00:00,en,977737008188596224
2039820533605224706,"🚨🔥Breaking News🔥🚨
🇲🇽Mexico 1-1 🇧🇪Belgium!
⚽️Sánchez Opener Cancelled by Lukebakio in Chicago Thriller⚽️
A tense, end-to-end battle at Soldier Field!

In a hard-fought international friendly on March 31, 2026, Javier Aguirre’s Mexico drew 1-1 with Rudi Garcia’s Belgium. Jorge",2026-04-02 21:41:27+00:00,en,1842758776354430976
2039819960504201427,"BREAKING NEWS 🚨: 

I have designated (a long time ago) The Israeli military as a terrorist organization.

Thank you for your attention to this matter.",2026-04-02 21:39:11+00:00,en,1487815622264250374
2039819764042711396,Per Greenwich Sentinel : Breaking News: First Selectman Camillo temporarily suspends school zone traffic camera enforcement,2026-04-02 21:38:24+00:00,en,1414821357150482433
